2021-12-03T17:20:22.947Z,329.7181
2021-12-03T17:20:24.035Z,337.989
2021-12-03T17:20:25.122Z,347.1835
2021-12-03T17:20:26.212Z,349.7179
2021-12-03T17:20:27.306Z,338.8501
2021-12-03T17:20:28.388Z,329.6312
2021-12-03T17:20:29.478Z,330.4709
2021-12-03T17:20:30.765Z,328.2514
2021-12-03T17:20:31.650Z,333.1143
2021-12-03T17:20:32.739Z,334.3371
2021-12-03T17:20:33.826Z,342.698
2021-12-03T17:20:34.914Z,350.2251
2021-12-03T17:20:36.003Z,347.6583
2021-12-03T17:20:37.094Z,356.7494
2021-12-03T17:20:38.176Z,368.2635
2021-12-03T17:20:39.263Z,362.524
2021-12-03T17:20:40.353Z,349.7263
2021-12-03T17:20:41.441Z,360.6651
2021-12-03T17:20:42.527Z,334.9644
2021-12-03T17:20:43.616Z,334.8286
2021-12-03T17:20:44.702Z,332.4604
2021-12-03T17:20:45.797Z,340.2491
2021-12-03T17:20:46.967Z,336.5446
2021-12-03T17:20:47.966Z,334.0948
2021-12-03T17:20:49.057Z,317.0323
2021-12-03T17:20:50.145Z,333.2971
2021-12-03T17:20:51.231Z,323.7871
2021-12-03T17:20:52.320Z,335.2195
2021-12-03T17:20:53.406Z,332.6017
2021-12-03T17:20:54.494Z,326.8503
2021-12-03T17:20:55.581Z,328.6162
2021-12-03T17:20:56.673Z,323.3619
2021-12-03T17:20:57.757Z,329.2916
2021-12-03T17:20:58.847Z,330.0267
2021-12-03T17:20:59.933Z,333.2905
2021-12-03T17:21:01.021Z,337.3365
2021-12-03T17:21:02.111Z,330.9795
2021-12-03T17:21:03.283Z,339.3744
2021-12-03T17:21:04.286Z,338.8582
2021-12-03T17:21:05.373Z,335.5862
2021-12-03T17:21:06.460Z,337.0926
2021-12-03T17:21:07.546Z,326.8818
2021-12-03T17:21:08.639Z,333.8011
2021-12-03T17:21:09.726Z,328.1728
2021-12-03T17:21:10.812Z,326.1615
2021-12-03T17:21:11.898Z,325.5305
2021-12-03T17:21:12.985Z,328.2214
2021-12-03T17:21:14.079Z,333.8104
2021-12-03T17:21:15.161Z,330.0779
2021-12-03T17:21:16.250Z,328.3701
2021-12-03T17:21:17.339Z,336.6599
2021-12-03T17:21:18.428Z,330.6685
2021-12-03T17:21:19.599Z,334.0658
2021-12-03T17:21:20.601Z,337.2644
2021-12-03T17:21:21.715Z,319.2182
2021-12-03T17:21:22.781Z,324.4539
2021-12-03T17:21:23.865Z,326.0216
2021-12-03T17:21:24.956Z,324.5616
2021-12-03T17:21:26.041Z,326.2199
2021-12-03T17:21:27.131Z,321.8389
2021-12-03T17:21:28.217Z,326.1532
2021-12-03T17:21:29.305Z,332.2033
2021-12-03T17:21:30.392Z,327.54
2021-12-03T17:21:31.480Z,325.2979
2021-12-03T17:21:32.567Z,320.2729
2021-12-03T17:21:33.660Z,333.6151
2021-12-03T17:21:34.743Z,325.3326
2021-12-03T17:21:35.917Z,320.5653
2021-12-03T17:21:36.920Z,323.2003
2021-12-03T17:21:38.008Z,331.3099
2021-12-03T17:21:39.119Z,326.3578
2021-12-03T17:21:40.184Z,324.091
2021-12-03T17:21:41.271Z,332.1794
2021-12-03T17:21:42.362Z,329.2363
2021-12-03T17:21:43.450Z,323.7004
2021-12-03T17:21:44.536Z,329.3554
2021-12-03T17:21:45.624Z,317.1401
2021-12-03T17:21:46.712Z,325.122
2021-12-03T17:21:47.799Z,349.2057
2021-12-03T17:21:48.886Z,328.0689
2021-12-03T17:21:49.979Z,316.2574
2021-12-03T17:21:51.066Z,330.0126
2021-12-03T17:21:52.235Z,326.1899
2021-12-03T17:21:53.237Z,336.2698
2021-12-03T17:21:54.328Z,326.3844
2021-12-03T17:21:55.415Z,328.9893
2021-12-03T17:21:56.502Z,313.863
2021-12-03T17:21:57.588Z,322.9603
2021-12-03T17:21:58.681Z,320.3677
2021-12-03T17:21:59.794Z,341.1241
2021-12-03T17:22:00.852Z,338.6695
2021-12-03T17:22:01.940Z,341.658
2021-12-03T17:22:03.028Z,346.2944
2021-12-03T17:22:04.119Z,335.2358
2021-12-03T17:22:05.204Z,332.5878
2021-12-03T17:22:06.292Z,327.2882
2021-12-03T17:22:07.382Z,325.5303
2021-12-03T17:22:08.559Z,324.1778
2021-12-03T17:22:09.556Z,330.5939
2021-12-03T17:22:10.645Z,330.2131
2021-12-03T17:22:11.732Z,326.1589
2021-12-03T17:22:12.818Z,324.9875
2021-12-03T17:22:13.906Z,326.1213
2021-12-03T17:22:14.996Z,323.5263
2021-12-03T17:22:16.082Z,323.171
2021-12-03T17:22:17.179Z,330.8804
2021-12-03T17:22:18.267Z,333.6099
2021-12-03T17:22:19.347Z,328.2179
2021-12-03T17:22:20.432Z,336.2202
2021-12-03T17:22:21.520Z,319.6488
2021-12-03T17:22:22.609Z,324.1349
2021-12-03T17:22:23.698Z,331.3535
2021-12-03T17:22:24.872Z,327.3128
2021-12-03T17:22:25.872Z,326.7787
2021-12-03T17:22:26.960Z,324.1896
2021-12-03T17:22:28.050Z,325.285
2021-12-03T17:22:29.140Z,325.5637
2021-12-03T17:22:30.224Z,325.681
2021-12-03T17:22:31.312Z,326.9818
2021-12-03T17:22:32.402Z,324.5569
2021-12-03T17:22:33.488Z,328.2409
2021-12-03T17:22:34.577Z,325.1797
2021-12-03T17:22:35.663Z,328.2095
2021-12-03T17:22:36.751Z,324.8943
2021-12-03T17:22:37.840Z,322.6356
2021-12-03T17:22:38.928Z,324.468
2021-12-03T17:22:40.015Z,330.2985
2021-12-03T17:22:41.188Z,318.1719
2021-12-03T17:22:42.191Z,324.3749
2021-12-03T17:22:43.279Z,323.1926
2021-12-03T17:22:44.370Z,327.8426
2021-12-03T17:22:45.455Z,332.2555
2021-12-03T17:22:46.542Z,323.6294
2021-12-03T17:22:47.630Z,325.7676
2021-12-03T17:22:48.757Z,321.9347
2021-12-03T17:22:49.808Z,327.8399
2021-12-03T17:22:50.895Z,326.4619
2021-12-03T17:22:51.984Z,325.0515
2021-12-03T17:22:53.068Z,330.2842
2021-12-03T17:22:54.156Z,326.726
2021-12-03T17:22:55.259Z,327.8603
2021-12-03T17:22:56.331Z,322.3106
2021-12-03T17:22:57.506Z,322.5333
2021-12-03T17:22:58.510Z,335.3147
2021-12-03T17:22:59.602Z,338.7582
2021-12-03T17:23:00.686Z,338.8585
2021-12-03T17:23:01.771Z,330.8803
2021-12-03T17:23:02.859Z,340.5031
2021-12-03T17:23:03.946Z,327.1892
2021-12-03T17:23:05.038Z,325.3557
2021-12-03T17:23:06.126Z,328.4984
2021-12-03T17:23:07.210Z,320.2502
2021-12-03T17:23:08.303Z,326.3088
2021-12-03T17:23:09.388Z,322.078
2021-12-03T17:23:10.475Z,329.7036
2021-12-03T17:23:11.560Z,326.3452
2021-12-03T17:23:12.648Z,326.4149
2021-12-03T17:23:13.821Z,328.6716
2021-12-03T17:23:14.827Z,323.8295
2021-12-03T17:23:15.912Z,327.6313
2021-12-03T17:23:16.999Z,322.6806
2021-12-03T17:23:18.096Z,319.245
2021-12-03T17:23:19.176Z,327.2365
2021-12-03T17:23:20.265Z,327.0718
2021-12-03T17:23:21.351Z,324.4966
2021-12-03T17:23:22.440Z,315.3768
2021-12-03T17:23:23.526Z,324.437
2021-12-03T17:23:24.614Z,324.6093
2021-12-03T17:23:25.702Z,318.5067
2021-12-03T17:23:26.800Z,338.3186
2021-12-03T17:23:27.891Z,325.2322
2021-12-03T17:23:28.965Z,327.2488
2021-12-03T17:23:30.139Z,329.0347
2021-12-03T17:23:31.145Z,320.0244
2021-12-03T17:23:32.229Z,325.4977
2021-12-03T17:23:33.317Z,327.0067
2021-12-03T17:23:34.407Z,327.2616
2021-12-03T17:23:35.494Z,327.0728
2021-12-03T17:23:36.581Z,326.844
2021-12-03T17:23:37.669Z,324.3064
2021-12-03T17:23:38.757Z,321.263
2021-12-03T17:23:39.844Z,330.0795
2021-12-03T17:23:40.934Z,320.765
2021-12-03T17:23:42.020Z,322.0651
2021-12-03T17:23:43.147Z,320.8233
2021-12-03T17:23:44.196Z,326.4041
2021-12-03T17:23:45.286Z,323.4604
2021-12-03T17:23:46.461Z,326.1734
2021-12-03T17:23:47.461Z,326.9035
2021-12-03T17:23:48.550Z,328.0762
2021-12-03T17:23:49.649Z,320.4592
2021-12-03T17:23:50.723Z,326.3595
2021-12-03T17:23:51.812Z,326.3744
2021-12-03T17:23:52.905Z,324.7279
2021-12-03T17:23:53.987Z,323.3524
2021-12-03T17:23:55.076Z,322.4839
2021-12-03T17:23:56.162Z,322.8125
2021-12-03T17:23:57.251Z,323.3162
2021-12-03T17:23:58.341Z,320.8503
2021-12-03T17:23:59.427Z,341.7075
2021-12-03T17:24:00.514Z,336.6613
2021-12-03T17:24:01.604Z,244.9223
2021-12-03T17:24:02.779Z,243.674
2021-12-03T17:24:03.778Z,232.6196
2021-12-03T17:24:04.866Z,228.2467
2021-12-03T17:24:05.954Z,222.6542
2021-12-03T17:24:07.043Z,222.6726
2021-12-03T17:24:08.128Z,215.1061
2021-12-03T17:24:09.216Z,219.3137
2021-12-03T17:24:10.305Z,227.2702
2021-12-03T17:24:11.392Z,221.3511
2021-12-03T17:24:12.483Z,218.2866
2021-12-03T17:24:13.569Z,234.0049
2021-12-03T17:24:14.659Z,222.9678
2021-12-03T17:24:15.743Z,224.7803
2021-12-03T17:24:16.832Z,224.222
2021-12-03T17:24:17.919Z,219.6954
2021-12-03T17:24:19.186Z,220.7435
2021-12-03T17:24:20.096Z,223.977
2021-12-03T17:24:21.182Z,224.3197
2021-12-03T17:24:22.271Z,223.6606
2021-12-03T17:24:23.361Z,216.9543
2021-12-03T17:24:24.445Z,221.6059
2021-12-03T17:24:25.536Z,225.7912
2021-12-03T17:24:26.623Z,218.7467
2021-12-03T17:24:27.709Z,221.0187
2021-12-03T17:24:28.800Z,217.83
2021-12-03T17:24:29.886Z,226.4295
2021-12-03T17:24:30.972Z,223.7568
2021-12-03T17:24:32.066Z,220.9046
2021-12-03T17:24:33.150Z,224.1938
2021-12-03T17:24:34.237Z,221.726
2021-12-03T17:24:35.498Z,229.4974
2021-12-03T17:25:07.727Z,215.7898
2021-12-03T17:25:08.635Z,238.077
2021-12-03T17:25:09.725Z,224.7284
2021-12-03T17:25:10.816Z,223.283
2021-12-03T17:25:11.899Z,218.194
2021-12-03T17:25:12.989Z,239.3457
2021-12-03T17:25:14.077Z,216.4994
2021-12-03T17:25:15.162Z,218.6181
2021-12-03T17:25:16.251Z,224.9735
2021-12-03T17:25:17.338Z,225.5684
2021-12-03T17:25:18.426Z,221.4249
2021-12-03T17:25:19.513Z,223.0769
2021-12-03T17:25:20.602Z,224.7197
2021-12-03T17:25:21.689Z,233.4065
2021-12-03T17:25:22.776Z,227.4331
2021-12-03T17:25:23.959Z,224.5954
2021-12-03T17:25:24.955Z,226.3715
2021-12-03T17:25:26.040Z,230.589
2021-12-03T17:25:27.128Z,221.2295
2021-12-03T17:25:28.215Z,220.652
2021-12-03T17:25:29.304Z,223.0284
2021-12-03T17:25:30.393Z,215.5257
2021-12-03T17:25:31.482Z,236.7756
2021-12-03T17:25:32.567Z,233.196
2021-12-03T17:25:33.654Z,224.4534
2021-12-03T17:25:34.742Z,222.7943
2021-12-03T17:25:35.832Z,221.3126
2021-12-03T17:25:36.919Z,222.2483
2021-12-03T17:25:38.007Z,223.1534
2021-12-03T17:25:39.112Z,220.2802
2021-12-03T17:25:40.275Z,217.2588
2021-12-03T17:25:41.270Z,225.0468
2021-12-03T17:25:42.359Z,225.4371
2021-12-03T17:25:43.446Z,221.7486
2021-12-03T17:25:44.532Z,219.3559
2021-12-03T17:25:45.621Z,219.3323
2021-12-03T17:25:46.716Z,222.3039
2021-12-03T17:25:47.798Z,218.9007
2021-12-03T17:25:48.894Z,221.8486
2021-12-03T17:25:49.972Z,222.7171
2021-12-03T17:25:51.061Z,220.92
2021-12-03T17:25:52.149Z,224.5413
2021-12-03T17:25:53.236Z,226.6039
2021-12-03T17:25:54.324Z,227.0812
2021-12-03T17:25:55.418Z,224.1359
2021-12-03T17:25:56.590Z,223.2903
2021-12-03T17:25:57.589Z,220.6661
2021-12-03T17:25:58.750Z,222.8798
2021-12-03T17:25:59.765Z,239.3927
2021-12-03T17:26:00.854Z,235.8761
2021-12-03T17:26:01.941Z,231.7424
2021-12-03T17:26:03.028Z,242.1931
2021-12-03T17:26:04.120Z,220.2338
2021-12-03T17:26:05.205Z,224.5002
2021-12-03T17:26:06.294Z,229.0236
2021-12-03T17:26:07.381Z,225.1248
2021-12-03T17:26:08.469Z,223.2468
2021-12-03T17:26:09.557Z,220.3986
2021-12-03T17:26:10.645Z,226.7915
2021-12-03T17:26:11.733Z,219.327
2021-12-03T17:26:12.921Z,225.3293
2021-12-03T17:26:13.908Z,223.0575
2021-12-03T17:26:14.996Z,219.7423
2021-12-03T17:26:16.084Z,218.6901
2021-12-03T17:26:17.172Z,224.9156
2021-12-03T17:26:18.259Z,224.5998
2021-12-03T17:26:19.347Z,221.0884
2021-12-03T17:26:20.435Z,221.82
2021-12-03T17:26:21.523Z,219.8233
2021-12-03T17:26:22.613Z,224.519
2021-12-03T17:26:23.700Z,216.391
2021-12-03T17:26:24.797Z,231.9429
2021-12-03T17:26:25.873Z,219.2939
2021-12-03T17:26:26.967Z,227.8997
2021-12-03T17:26:28.049Z,225.2236
2021-12-03T17:26:29.230Z,217.0136
2021-12-03T17:26:30.224Z,225.3309
2021-12-03T17:26:31.316Z,231.1066
2021-12-03T17:26:32.429Z,224.8973
2021-12-03T17:26:33.489Z,221.0896
2021-12-03T17:26:34.575Z,221.2335
2021-12-03T17:26:35.674Z,236.8401
2021-12-03T17:26:36.762Z,215.3813
2021-12-03T17:26:37.841Z,222.6125
2021-12-03T17:26:38.927Z,214.4657
2021-12-03T17:26:40.015Z,225.1162
2021-12-03T17:26:41.104Z,215.0854
2021-12-03T17:26:42.197Z,227.1956
2021-12-03T17:26:43.308Z,229.5795
2021-12-03T17:26:44.372Z,226.1681
2021-12-03T17:26:45.552Z,225.9068
2021-12-03T17:26:46.543Z,232.8063
2021-12-03T17:26:47.632Z,223.4929
2021-12-03T17:26:48.724Z,225.1433
2021-12-03T17:26:49.807Z,224.195
2021-12-03T17:26:50.897Z,215.9384
2021-12-03T17:26:51.981Z,222.3551
2021-12-03T17:26:53.069Z,225.0599
2021-12-03T17:26:54.162Z,221.139
2021-12-03T17:26:55.260Z,224.489
2021-12-03T17:26:56.333Z,223.7264
2021-12-03T17:26:57.420Z,226.0121
2021-12-03T17:26:58.512Z,224.2125
2021-12-03T17:26:59.597Z,239.6068
2021-12-03T17:27:00.684Z,233.9161
2021-12-03T17:27:01.861Z,239.0658
2021-12-03T17:27:02.859Z,241.7844
2021-12-03T17:27:03.948Z,222.5856
2021-12-03T17:27:05.036Z,223.3987
2021-12-03T17:27:06.126Z,222.1097
2021-12-03T17:27:07.210Z,223.2514
2021-12-03T17:27:08.300Z,224.4876
2021-12-03T17:27:09.386Z,223.0247
2021-12-03T17:27:10.478Z,218.3837
2021-12-03T17:27:11.562Z,235.1852
2021-12-03T17:27:12.652Z,221.1151
2021-12-03T17:27:13.742Z,224.5865
2021-12-03T17:27:14.827Z,220.8441
2021-12-03T17:27:15.913Z,220.4182
2021-12-03T17:27:17.005Z,213.5798
2021-12-03T17:27:18.181Z,228.1432
2021-12-03T17:27:19.177Z,228.2808
2021-12-03T17:27:20.270Z,213.22
2021-12-03T17:27:21.355Z,220.2353
2021-12-03T17:27:22.442Z,222.9853
2021-12-03T17:27:23.528Z,224.6282
2021-12-03T17:27:24.618Z,222.2416
2021-12-03T17:27:25.705Z,218.136
2021-12-03T17:27:26.791Z,220.6953
2021-12-03T17:27:27.879Z,225.3
2021-12-03T17:27:28.968Z,221.8917
2021-12-03T17:27:30.056Z,226.8587
2021-12-03T17:27:31.149Z,224.4253
2021-12-03T17:27:32.232Z,232.6502
2021-12-03T17:27:33.321Z,229.6581
2021-12-03T17:27:34.500Z,226.2227
2021-12-03T17:27:35.494Z,230.047
2021-12-03T17:27:36.582Z,216.9792
2021-12-03T17:27:37.676Z,220.7951
2021-12-03T17:27:38.759Z,225.1429
2021-12-03T17:27:39.853Z,225.2021
2021-12-03T17:27:40.936Z,219.174
2021-12-03T17:27:42.025Z,224.4774
2021-12-03T17:27:43.112Z,221.245
2021-12-03T17:27:44.199Z,226.8354
2021-12-03T17:27:45.286Z,225.9173
2021-12-03T17:27:46.376Z,223.0207
2021-12-03T17:27:47.465Z,221.966
2021-12-03T17:27:48.549Z,225.0277
2021-12-03T17:27:49.637Z,219.9315
2021-12-03T17:27:50.816Z,219.2896
2021-12-03T17:27:51.815Z,225.8727
2021-12-03T17:27:52.901Z,215.4217
2021-12-03T17:27:53.988Z,223.7916
2021-12-03T17:27:55.079Z,222.1887
2021-12-03T17:27:56.165Z,224.3904
2021-12-03T17:27:57.253Z,225.4804
2021-12-03T17:27:58.340Z,253.3286
2021-12-03T17:27:59.439Z,235.3272
2021-12-03T17:28:00.516Z,237.0495
2021-12-03T17:28:01.603Z,237.9134
2021-12-03T17:28:02.691Z,219.7346
2021-12-03T17:28:03.785Z,225.7005
2021-12-03T17:28:04.866Z,216.3482
2021-12-03T17:28:05.959Z,226.2908
2021-12-03T17:28:07.136Z,223.914
2021-12-03T17:28:08.135Z,217.1314
2021-12-03T17:28:09.224Z,224.8295
2021-12-03T17:28:10.308Z,225.2442
2021-12-03T17:28:11.394Z,218.2439
2021-12-03T17:28:12.485Z,222.8006
2021-12-03T17:28:13.571Z,222.0671
2021-12-03T17:28:14.664Z,222.3953
2021-12-03T17:28:15.752Z,217.6709
2021-12-03T17:28:16.843Z,221.491
2021-12-03T17:28:17.921Z,218.5592
2021-12-03T17:28:19.009Z,219.4109
2021-12-03T17:28:20.098Z,219.4812
2021-12-03T17:28:21.184Z,221.4487
2021-12-03T17:28:22.275Z,218.2173
2021-12-03T17:28:23.451Z,236.5931
2021-12-03T17:28:24.450Z,221.2226
2021-12-03T17:28:25.537Z,222.2523
2021-12-03T17:28:26.625Z,218.1715
2021-12-03T17:28:27.716Z,225.6719
2021-12-03T17:28:28.800Z,220.172
2021-12-03T17:28:29.889Z,224.3085
2021-12-03T17:28:30.977Z,220.1304
2021-12-03T17:28:32.065Z,223.8502
2021-12-03T17:28:33.151Z,222.0538
2021-12-03T17:28:34.250Z,228.3797
2021-12-03T17:28:35.327Z,223.6405
2021-12-03T17:28:36.415Z,222.3942
2021-12-03T17:28:37.502Z,219.4248
2021-12-03T17:28:38.592Z,223.2425
2021-12-03T17:28:39.768Z,215.5036
2021-12-03T17:28:40.766Z,221.7689
2021-12-03T17:28:41.854Z,214.3177
2021-12-03T17:28:42.945Z,221.8217
2021-12-03T17:28:44.030Z,215.959
2021-12-03T17:28:45.118Z,230.9103
2021-12-03T17:28:46.207Z,223.8418
2021-12-03T17:28:47.293Z,221.5442
2021-12-03T17:28:48.381Z,225.3306
2021-12-03T17:28:49.471Z,223.4041
2021-12-03T17:28:50.556Z,216.6695
2021-12-03T17:28:51.645Z,222.866
2021-12-03T17:28:52.733Z,224.1343
2021-12-03T17:28:53.824Z,222.0953
2021-12-03T17:28:54.908Z,225.9722
2021-12-03T17:28:56.085Z,216.7956
2021-12-03T17:28:57.085Z,221.0313
2021-12-03T17:28:58.172Z,214.2924
2021-12-03T17:28:59.261Z,228.0234
2021-12-03T17:29:00.347Z,244.4971
2021-12-03T17:29:01.435Z,243.3243
2021-12-03T17:29:02.531Z,240.0574
2021-12-03T17:29:03.615Z,237.0052
2021-12-03T17:29:04.699Z,224.6371
2021-12-03T17:29:05.791Z,223.3
2021-12-03T17:29:06.876Z,222.2413
2021-12-03T17:29:07.965Z,231.745
2021-12-03T17:29:09.052Z,236.0595
2021-12-03T17:29:10.139Z,236.8316
2021-12-03T17:29:11.226Z,216.6436
2021-12-03T17:29:16.826Z,228.9242
2021-12-03T17:29:16.826Z,220.7819
2021-12-03T17:29:16.827Z,232.5023
2021-12-03T17:29:16.827Z,244.5547
2021-12-03T17:29:16.827Z,223.0632
2021-12-03T17:29:17.727Z,220.2109
2021-12-03T17:29:18.854Z,221.5421
2021-12-03T17:29:19.856Z,230.2255
2021-12-03T17:29:20.923Z,220.5978
2021-12-03T17:29:22.010Z,226.8185
2021-12-03T17:29:23.099Z,223.1349
2021-12-03T17:29:24.186Z,245.5721
2021-12-03T17:29:25.275Z,252.6413
2021-12-03T17:29:26.362Z,248.8503
2021-12-03T17:29:27.455Z,233.7358
2021-12-03T17:29:28.537Z,220.8351
2021-12-03T17:29:29.625Z,241.1315
2021-12-03T17:29:30.713Z,228.2367
2021-12-03T17:29:31.802Z,226.8137
2021-12-03T17:29:32.989Z,224.2603
2021-12-03T17:29:33.977Z,217.873
2021-12-03T17:29:35.066Z,224.5339
2021-12-03T17:29:36.153Z,228.7993
2021-12-03T17:29:37.243Z,226.4454
2021-12-03T17:29:38.328Z,226.024
2021-12-03T17:29:39.415Z,219.5146
2021-12-03T17:29:40.504Z,231.4441
2021-12-03T17:29:41.592Z,213.4061
2021-12-03T17:29:42.679Z,226.2424
2021-12-03T17:29:43.766Z,217.7144
2021-12-03T17:29:44.855Z,221.4733
2021-12-03T17:29:45.942Z,223.7673
2021-12-03T17:29:47.033Z,222.4793
2021-12-03T17:29:48.120Z,222.0676
2021-12-03T17:29:49.387Z,216.8652
2021-12-03T17:29:50.295Z,226.905
2021-12-03T17:29:51.384Z,219.3462
2021-12-03T17:29:52.474Z,224.0603
2021-12-03T17:29:56.518Z,219.7437
2021-12-03T17:29:58.579Z,223.6215
2021-12-03T17:29:58.579Z,228.7898
2021-12-03T17:29:58.580Z,219.7783
2021-12-03T17:29:58.580Z,229.8739
2021-12-03T17:29:58.978Z,214.2979
2021-12-03T17:30:00.064Z,245.0447
2021-12-03T17:30:01.136Z,229.783
2021-12-03T17:30:02.215Z,256.7146
2021-12-03T17:30:03.294Z,228.8372
2021-12-03T17:30:04.379Z,226.9873
2021-12-03T17:30:06.739Z,227.9212
2021-12-03T17:30:06.739Z,225.3775
2021-12-03T17:30:07.644Z,226.4213
2021-12-03T17:30:08.733Z,221.9993
2021-12-03T17:30:09.818Z,234.8049
2021-12-03T17:30:10.906Z,217.4896
2021-12-03T17:30:11.994Z,228.631
2021-12-03T17:30:13.082Z,227.1782
2021-12-03T17:30:14.170Z,224.6195
2021-12-03T17:30:15.258Z,225.5673
2021-12-03T17:30:16.346Z,218.6224
2021-12-03T17:30:17.434Z,221.6776
2021-12-03T17:30:18.522Z,223.0381
2021-12-03T17:30:19.608Z,222.2542
2021-12-03T17:30:20.697Z,220.2054
2021-12-03T17:30:21.785Z,219.2715
2021-12-03T17:30:23.057Z,221.6456
2021-12-03T17:30:23.961Z,222.9227
2021-12-03T17:30:25.047Z,220.2981
2021-12-03T17:30:26.139Z,223.3092
2021-12-03T17:30:27.224Z,220.9747
2021-12-03T17:30:28.311Z,234.6565
2021-12-03T17:30:29.400Z,225.8267
2021-12-03T17:30:30.492Z,221.2787
2021-12-03T17:30:31.575Z,219.4495
2021-12-03T17:30:32.664Z,224.2548
2021-12-03T17:30:33.752Z,239.8994
2021-12-03T17:30:34.839Z,216.5616
2021-12-03T17:30:35.928Z,215.8689
2021-12-03T17:30:37.015Z,223.581
2021-12-03T17:30:38.101Z,222.1799
2021-12-03T17:30:39.284Z,240.3622
2021-12-03T17:30:40.280Z,224.0993
2021-12-03T17:30:41.365Z,237.5222
2021-12-03T17:30:42.454Z,224.1705
2021-12-03T17:30:43.541Z,217.3133
2021-12-03T17:30:44.628Z,224.6503
2021-12-03T17:30:45.718Z,217.3018
2021-12-03T17:30:46.805Z,220.5426
2021-12-03T17:30:47.893Z,221.2115
2021-12-03T17:30:48.985Z,221.2606
2021-12-03T17:30:50.069Z,225.7081
2021-12-03T17:30:51.159Z,226.7189
2021-12-03T17:30:52.252Z,222.0371
2021-12-03T17:30:53.333Z,222.9537
2021-12-03T17:30:54.422Z,222.0025
2021-12-03T17:30:55.692Z,218.4938
2021-12-03T17:30:56.598Z,220.992
2021-12-03T17:30:57.688Z,223.6537
2021-12-03T17:30:58.783Z,225.3759
2021-12-03T17:30:59.861Z,241.0611
2021-12-03T17:31:00.951Z,234.2279
2021-12-03T17:31:02.036Z,235.6338
2021-12-03T17:31:03.123Z,228.2414
2021-12-03T17:31:04.212Z,220.7169
2021-12-03T17:31:05.299Z,224.6149
2021-12-03T17:31:06.391Z,227.4248
2021-12-03T17:31:07.477Z,218.731
2021-12-03T17:31:08.562Z,222.1495
2021-12-03T17:31:09.650Z,225.9886
2021-12-03T17:31:10.738Z,223.7536
2021-12-03T17:31:11.926Z,226.1578
2021-12-03T17:31:12.914Z,235.1617
2021-12-03T17:31:14.003Z,224.6041
2021-12-03T17:31:15.098Z,227.8712
2021-12-03T17:31:16.179Z,223.0043
2021-12-03T17:31:17.266Z,224.1385
2021-12-03T17:31:18.358Z,221.8165
2021-12-03T17:31:19.442Z,228.5335
2021-12-03T17:31:20.533Z,235.3589
2021-12-03T17:31:21.621Z,216.4875
2021-12-03T17:31:22.703Z,223.7651
2021-12-03T17:31:23.802Z,221.4396
2021-12-03T17:31:24.878Z,223.998
2021-12-03T17:31:25.990Z,223.1939
2021-12-03T17:31:27.057Z,218.8814
2021-12-03T17:31:28.234Z,222.168
2021-12-03T17:31:29.232Z,220.3522
2021-12-03T17:31:30.322Z,226.1646
2021-12-03T17:31:31.407Z,221.4137
2021-12-03T17:31:32.494Z,221.1513
2021-12-03T17:31:33.584Z,226.4007
2021-12-03T17:31:34.674Z,223.8841
2021-12-03T17:31:35.758Z,222.5268
2021-12-03T17:31:36.845Z,215.7402
2021-12-03T17:31:37.934Z,222.7359
2021-12-03T17:31:39.026Z,224.4005
2021-12-03T17:31:40.109Z,227.9411
2021-12-03T17:31:41.198Z,225.4689
2021-12-03T17:31:42.284Z,220.8368
2021-12-03T17:31:43.382Z,229.2976
2021-12-03T17:31:44.638Z,214.9621
2021-12-03T17:31:45.550Z,223.7631
2021-12-03T17:31:46.635Z,219.8137
2021-12-03T17:31:47.731Z,219.5241
2021-12-03T17:31:48.811Z,224.186
2021-12-03T17:31:49.901Z,219.5953
2021-12-03T17:31:50.986Z,218.5721
2021-12-03T17:31:52.092Z,217.3394
2021-12-03T17:31:53.162Z,222.8103
2021-12-03T17:31:54.254Z,221.6391
2021-12-03T17:31:55.341Z,172.5323
2021-12-03T17:31:56.428Z,165.7429
2021-12-03T17:31:57.514Z,159.9116
2021-12-03T17:31:58.604Z,165.7012
2021-12-03T17:31:59.692Z,185.6749
2021-12-03T17:32:00.870Z,177.6283
2021-12-03T17:32:01.866Z,181.5071
2021-12-03T17:32:02.955Z,181.8401
2021-12-03T17:32:04.043Z,170.3906
2021-12-03T17:32:05.137Z,164.8217
2021-12-03T17:32:06.220Z,163.9675
2021-12-03T17:32:07.308Z,162.5409
2021-12-03T17:32:08.406Z,165.5498
2021-12-03T17:32:09.481Z,167.3322
2021-12-03T17:32:10.568Z,162.161
2021-12-03T17:32:11.677Z,167.5465
2021-12-03T17:32:12.752Z,164.5366
2021-12-03T17:32:13.833Z,171.5903
2021-12-03T17:32:14.918Z,165.2658
2021-12-03T17:32:16.006Z,166.0893
2021-12-03T17:32:17.276Z,170.8626
2021-12-03T17:32:18.182Z,172.8281
2021-12-03T17:32:19.271Z,169.2776
2021-12-03T17:32:20.359Z,168.8854
2021-12-03T17:32:21.448Z,169.8636
2021-12-03T17:32:22.534Z,168.3788
2021-12-03T17:32:25.126Z,165.792
2021-12-03T17:32:25.287Z,167.3674
2021-12-03T17:32:25.797Z,164.737
2021-12-03T17:32:26.883Z,162.5958
2021-12-03T17:32:27.977Z,183.8845
2021-12-03T17:32:29.062Z,163.6483
2021-12-03T17:32:30.148Z,168.2235
2021-12-03T17:32:31.235Z,166.6597
2021-12-03T17:32:32.361Z,163.7467
2021-12-03T17:32:34.937Z,180.3973
2021-12-03T17:32:34.938Z,168.7252
2021-12-03T17:32:35.586Z,167.3091
2021-12-03T17:32:36.672Z,165.4352
2021-12-03T17:32:37.760Z,167.5054
2021-12-03T17:32:38.849Z,169.7946
2021-12-03T17:32:39.936Z,163.7971
2021-12-03T17:32:41.023Z,167.2417
2021-12-03T17:32:42.112Z,166.4811
2021-12-03T17:32:43.199Z,169.6827
2021-12-03T17:32:44.288Z,168.2891
2021-12-03T17:32:45.375Z,170.2401
2021-12-03T17:32:46.462Z,163.4265
2021-12-03T17:32:47.550Z,166.7722
2021-12-03T17:32:48.637Z,166.0745
2021-12-03T17:32:49.725Z,173.8614
2021-12-03T17:32:50.903Z,167.2743
2021-12-03T17:32:51.904Z,169.4635
2021-12-03T17:32:52.991Z,165.2802
2021-12-03T17:32:54.076Z,161.5759
2021-12-03T17:32:55.167Z,167.2016
2021-12-03T17:32:56.254Z,162.3331
2021-12-03T17:32:57.345Z,164.3638
2021-12-03T17:32:58.428Z,165.3848
2021-12-03T17:32:59.613Z,179.56
2021-12-03T17:33:00.605Z,187.1387
2021-12-03T17:33:01.695Z,181.5978
2021-12-03T17:33:02.779Z,172.0804
2021-12-03T17:33:03.866Z,167.078
2021-12-03T17:33:04.954Z,171.8393
2021-12-03T17:33:06.120Z,168.4396
2021-12-03T17:33:07.224Z,166.196
2021-12-03T17:33:08.220Z,156.5247
2021-12-03T17:33:09.313Z,167.2002
2021-12-03T17:33:10.400Z,169.3872
2021-12-03T17:33:11.483Z,165.1905
2021-12-03T17:33:12.569Z,166.8409
2021-12-03T17:33:13.658Z,165.6603
2021-12-03T17:33:14.745Z,169.2937
2021-12-03T17:33:15.832Z,167.9525
2021-12-03T17:33:16.924Z,166.3586
2021-12-03T17:33:18.010Z,163.3923
2021-12-03T17:33:19.098Z,162.4753
2021-12-03T17:33:20.184Z,167.8145
2021-12-03T17:33:21.271Z,166.7354
2021-12-03T17:33:22.362Z,164.1891
2021-12-03T17:33:23.537Z,166.5975
2021-12-03T17:33:24.540Z,165.9992
2021-12-03T17:33:25.634Z,167.4515
2021-12-03T17:33:26.712Z,165.3086
2021-12-03T17:33:27.803Z,163.4908
2021-12-03T17:33:28.888Z,172.4088
2021-12-03T17:33:29.976Z,166.6306
2021-12-03T17:33:31.066Z,166.2584
2021-12-03T17:33:32.158Z,163.2491
2021-12-03T17:33:33.238Z,169.9338
2021-12-03T17:33:34.329Z,169.1722
2021-12-03T17:33:35.413Z,164.4217
2021-12-03T17:33:36.502Z,168.1623
2021-12-03T17:33:37.590Z,166.2393
2021-12-03T17:33:38.682Z,170.646
2021-12-03T17:33:39.941Z,170.0354
2021-12-03T17:33:40.853Z,165.5096
2021-12-03T17:33:41.941Z,165.3795
2021-12-03T17:33:43.032Z,164.0329
2021-12-03T17:33:44.119Z,167.0114
2021-12-03T17:33:45.204Z,166.5482
2021-12-03T17:33:46.291Z,161.5571
2021-12-03T17:33:47.379Z,160.9488
2021-12-03T17:33:48.468Z,164.6171
2021-12-03T17:33:49.555Z,160.8152
2021-12-03T17:33:50.989Z,168.4773
2021-12-03T17:33:51.731Z,162.6007
2021-12-03T17:33:52.822Z,169.7532
2021-12-03T17:33:53.906Z,165.6747
2021-12-03T17:33:54.993Z,167.3523
2021-12-03T17:33:56.172Z,169.5162
2021-12-03T17:33:57.182Z,165.8283
2021-12-03T17:33:58.259Z,165.9654
2021-12-03T17:33:59.347Z,163.8961
2021-12-03T17:34:00.434Z,182.9317
2021-12-03T17:34:01.521Z,182.8774
2021-12-03T17:34:02.611Z,178.6902
2021-12-03T17:34:03.700Z,170.9809
2021-12-03T17:34:04.787Z,168.8776
2021-12-03T17:34:05.872Z,166.2558
2021-12-03T17:34:06.964Z,172.1088
2021-12-03T17:34:08.049Z,165.5748
2021-12-03T17:34:09.136Z,159.6605
2021-12-03T17:34:10.228Z,166.265
2021-12-03T17:34:11.313Z,165.6305
2021-12-03T17:34:12.490Z,163.7863
2021-12-03T17:34:13.487Z,164.3574
2021-12-03T17:34:14.577Z,169.0715
2021-12-03T17:34:15.665Z,165.7223
2021-12-03T17:34:16.752Z,159.1505
2021-12-03T17:34:17.838Z,162.7399
2021-12-03T17:34:18.937Z,163.1311
2021-12-03T17:34:20.018Z,165.3257
2021-12-03T17:34:21.101Z,166.2472
2021-12-03T17:34:22.194Z,165.0607
2021-12-03T17:34:23.279Z,160.7128
2021-12-03T17:34:24.364Z,164.4964
2021-12-03T17:34:25.454Z,166.9799
2021-12-03T17:34:26.540Z,157.9726
2021-12-03T17:34:27.627Z,164.3383
2021-12-03T17:34:28.809Z,162.2657
2021-12-03T17:34:29.802Z,167.0004
2021-12-03T17:34:30.890Z,163.9332
2021-12-03T17:34:31.979Z,161.0932
2021-12-03T17:34:33.069Z,164.3224
2021-12-03T17:34:34.153Z,163.9489
2021-12-03T17:34:35.243Z,167.4426
2021-12-03T17:34:36.331Z,163.1629
2021-12-03T17:34:37.420Z,161.2245
2021-12-03T17:34:38.507Z,163.5842
2021-12-03T17:34:39.592Z,186.094
2021-12-03T17:34:40.683Z,183.29
2021-12-03T17:34:41.768Z,312.0475
2021-12-03T17:34:42.856Z,303.0006
2021-12-03T17:34:43.946Z,312.9852
2021-12-03T17:34:45.124Z,314.9628
2021-12-03T17:34:46.120Z,313.9648
2021-12-03T17:34:47.213Z,317.2299
2021-12-03T17:34:48.296Z,314.4138
2021-12-03T17:34:49.388Z,309.7105
2021-12-03T17:34:50.472Z,316.1783
2021-12-03T17:34:51.559Z,313.2794
2021-12-03T17:34:52.647Z,316.209
2021-12-03T17:34:53.734Z,316.5767
2021-12-03T17:34:54.825Z,306.9979
2021-12-03T17:34:55.955Z,308.4153
2021-12-03T17:34:57.004Z,309.6971
2021-12-03T17:34:58.087Z,290.4123
2021-12-03T17:34:59.173Z,297.118
2021-12-03T17:35:00.266Z,299.4472
2021-12-03T17:35:01.442Z,294.5884
2021-12-03T17:35:02.438Z,291.6905
2021-12-03T17:35:03.524Z,286.6211
2021-12-03T17:35:04.616Z,294.4757
2021-12-03T17:35:05.704Z,289.3007
2021-12-03T17:35:06.791Z,290.9865
2021-12-03T17:35:07.882Z,289.4902
2021-12-03T17:35:08.967Z,291.9449
2021-12-03T17:35:10.053Z,290.6666
2021-12-03T17:35:11.143Z,290.9269
2021-12-03T17:35:12.228Z,288.561
2021-12-03T17:35:13.317Z,288.2611
2021-12-03T17:35:14.408Z,290.6913
2021-12-03T17:35:15.491Z,285.229
2021-12-03T17:35:16.578Z,291.2864
2021-12-03T17:35:17.759Z,287.7406
2021-12-03T17:35:18.755Z,288.5008
2021-12-03T17:35:19.844Z,286.9408
2021-12-03T17:35:20.933Z,283.6213
2021-12-03T17:35:22.020Z,287.2515
2021-12-03T17:35:23.110Z,285.7879
2021-12-03T17:35:24.194Z,286.2539
2021-12-03T17:35:25.281Z,285.9859
2021-12-03T17:35:26.369Z,285.1138
2021-12-03T17:35:27.457Z,283.8386
2021-12-03T17:35:28.544Z,286.1276
2021-12-03T17:35:29.635Z,286.6545
2021-12-03T17:35:30.720Z,285.0544
2021-12-03T17:35:31.815Z,288.2599
2021-12-03T17:35:32.897Z,281.0886
2021-12-03T17:35:34.076Z,286.6396
2021-12-03T17:35:35.073Z,284.0919
2021-12-03T17:35:36.160Z,286.5566
2021-12-03T17:35:37.248Z,281.1034
2021-12-03T17:35:38.339Z,283.4933
2021-12-03T17:35:39.424Z,285.2808
2021-12-03T17:35:40.512Z,286.2955
2021-12-03T17:35:41.599Z,283.1177
2021-12-03T17:35:42.691Z,285.0051
2021-12-03T17:35:43.777Z,282.5751
2021-12-03T17:35:44.862Z,286.4039
2021-12-03T17:35:45.950Z,285.2154
2021-12-03T17:35:47.040Z,289.0054
2021-12-03T17:35:49.487Z,281.0119
2021-12-03T17:35:49.664Z,282.1291
2021-12-03T17:35:50.392Z,289.8494
2021-12-03T17:35:51.390Z,286.6159
2021-12-03T17:35:52.480Z,284.6195
2021-12-03T17:35:53.566Z,279.0007
2021-12-03T17:35:54.652Z,290.0373
2021-12-03T17:35:55.745Z,284.2088
2021-12-03T17:35:56.828Z,286.6555
2021-12-03T17:35:57.918Z,287.0763
2021-12-03T17:35:59.004Z,289.2928
2021-12-03T17:36:00.096Z,304.0586
2021-12-03T17:36:01.179Z,301.9537
2021-12-03T17:36:02.662Z,299.961
2021-12-03T17:36:03.791Z,292.3341
2021-12-03T17:36:04.443Z,289.9884
2021-12-03T17:36:05.513Z,283.2624
2021-12-03T17:36:06.806Z,284.4431
2021-12-03T17:36:07.679Z,283.8467
2021-12-03T17:36:08.787Z,279.7593
2021-12-03T17:36:09.850Z,291.5834
2021-12-03T17:36:10.937Z,282.4432
2021-12-03T17:36:12.034Z,285.7805
2021-12-03T17:36:13.117Z,287.8284
2021-12-03T17:36:14.202Z,281.7944
2021-12-03T17:36:15.291Z,282.095
2021-12-03T17:36:16.377Z,289.427
2021-12-03T17:36:17.465Z,288.2684
2021-12-03T17:36:18.553Z,283.5178
2021-12-03T17:36:19.653Z,283.485
2021-12-03T17:36:20.731Z,286.7574
2021-12-03T17:36:21.818Z,285.203
2021-12-03T17:36:23.118Z,305.9878
2021-12-03T17:36:23.993Z,305.0307
2021-12-03T17:36:25.093Z,286.9815
2021-12-03T17:36:26.169Z,289.3212
2021-12-03T17:36:27.261Z,290.8738
2021-12-03T17:36:28.346Z,280.7907
2021-12-03T17:36:29.446Z,287.6277
2021-12-03T17:36:30.520Z,286.6651
2021-12-03T17:36:31.607Z,287.4116
2021-12-03T17:36:32.697Z,301.4678
2021-12-03T17:36:33.783Z,280.6778
2021-12-03T17:36:34.873Z,285.4371
2021-12-03T17:36:35.958Z,285.7681
2021-12-03T17:36:37.050Z,282.2454
2021-12-03T17:36:38.138Z,283.6227
2021-12-03T17:36:39.315Z,283.133
2021-12-03T17:36:40.312Z,283.6974
2021-12-03T17:36:41.402Z,284.1106
2021-12-03T17:36:42.490Z,279.0611
2021-12-03T17:36:43.574Z,299.6591
2021-12-03T17:36:44.662Z,292.9961
2021-12-03T17:36:45.749Z,284.3722
2021-12-03T17:36:46.877Z,285.3534
2021-12-03T17:36:47.935Z,284.0204
2021-12-03T17:36:49.012Z,286.1565
2021-12-03T17:36:50.101Z,284.9556
2021-12-03T17:36:51.194Z,280.5955
2021-12-03T17:36:52.276Z,284.6754
2021-12-03T17:36:53.365Z,284.5882
2021-12-03T17:36:54.455Z,284.2734
2021-12-03T17:36:55.632Z,283.5171
2021-12-03T17:36:56.628Z,282.5458
2021-12-03T17:36:57.718Z,288.391
2021-12-03T17:36:58.813Z,281.2458
2021-12-03T17:36:59.892Z,293.2047
2021-12-03T17:37:00.978Z,297.5433
2021-12-03T17:37:02.083Z,298.4338
2021-12-03T17:37:03.159Z,299.7074
2021-12-03T17:37:04.242Z,285.5084
2021-12-03T17:37:05.331Z,283.1368
2021-12-03T17:37:06.419Z,283.6023
2021-12-03T17:37:07.505Z,284.5081
2021-12-03T17:37:08.596Z,285.9522
2021-12-03T17:37:09.683Z,283.4306
2021-12-03T17:37:10.770Z,277.8126
2021-12-03T17:37:12.015Z,286.044
2021-12-03T17:37:12.949Z,288.9017
2021-12-03T17:37:14.056Z,287.3277
2021-12-03T17:37:15.123Z,286.0107
2021-12-03T17:37:16.213Z,280.0852
2021-12-03T17:37:17.296Z,286.8139
2021-12-03T17:37:18.383Z,281.9116
2021-12-03T17:37:19.474Z,283.833
2021-12-03T17:37:20.570Z,282.1585
2021-12-03T17:37:21.648Z,283.1192
2021-12-03T17:37:22.736Z,284.0375
2021-12-03T17:37:23.827Z,283.0238
2021-12-03T17:37:24.912Z,282.5832
2021-12-03T17:37:26.000Z,282.9261
2021-12-03T17:37:27.094Z,284.6259
2021-12-03T17:37:28.266Z,285.4677
2021-12-03T17:37:29.266Z,282.1075
2021-12-03T17:37:31.110Z,282.3927
2021-12-03T17:37:31.440Z,282.4796
2021-12-03T17:37:32.528Z,280.6524
2021-12-03T17:37:33.639Z,286.0313
2021-12-03T17:37:34.722Z,282.5108
2021-12-03T17:37:35.792Z,276.8813
2021-12-03T17:37:36.879Z,284.9093
2021-12-03T17:37:37.970Z,285.1019
2021-12-03T17:37:39.056Z,278.7611
2021-12-03T17:37:40.142Z,283.9247
2021-12-03T17:37:41.233Z,285.0048
2021-12-03T17:37:42.321Z,285.46
2021-12-03T17:37:43.474Z,285.3002
2021-12-03T17:37:44.743Z,280.1197
2021-12-03T17:37:45.642Z,290.3432
2021-12-03T17:37:46.671Z,285.6923
2021-12-03T17:37:47.758Z,285.5006
2021-12-03T17:37:48.845Z,283.9312
2021-12-03T17:37:49.932Z,284.7036
2021-12-03T17:37:51.020Z,284.2149
2021-12-03T17:37:52.110Z,285.7989
2021-12-03T17:37:53.196Z,287.429
2021-12-03T17:37:54.304Z,284.7599
2021-12-03T17:37:55.371Z,285.0352
2021-12-03T17:37:56.462Z,281.0196
2021-12-03T17:37:57.548Z,287.0932
2021-12-03T17:37:58.635Z,279.1227
2021-12-03T17:37:59.723Z,299.7338
2021-12-03T17:38:00.910Z,299.4756
2021-12-03T17:38:01.902Z,302.059
2021-12-03T17:38:02.986Z,302.5229
2021-12-03T17:38:04.076Z,287.6527
2021-12-03T17:38:05.198Z,288.4989
2021-12-03T17:38:06.252Z,281.3734
2021-12-03T17:38:07.339Z,289.7596
2021-12-03T17:38:08.428Z,283.1714
2021-12-03T17:38:09.514Z,285.3336
2021-12-03T17:38:10.603Z,285.7706
2021-12-03T17:38:11.691Z,284.3541
2021-12-03T17:38:12.782Z,293.4807
2021-12-03T17:38:14.246Z,283.9994
2021-12-03T17:38:14.955Z,288.0988
2021-12-03T17:39:39.810Z,292.2642
2021-12-03T17:39:40.893Z,287.6393
2021-12-03T17:39:41.988Z,285.0674
2021-12-03T17:39:43.070Z,287.2447
2021-12-03T17:39:44.156Z,284.1744
2021-12-03T17:39:45.247Z,289.3436
2021-12-03T17:39:46.331Z,287.5371
2021-12-03T17:39:47.419Z,285.5863
2021-12-03T17:39:48.507Z,289.4485
2021-12-03T17:39:49.596Z,279.6984
2021-12-03T17:39:50.685Z,287.8269
2021-12-03T17:39:51.770Z,284.8211
2021-12-03T17:39:52.856Z,287.4474
2021-12-03T17:39:53.948Z,285.2631
2021-12-03T17:39:55.215Z,280.423
2021-12-03T17:39:56.121Z,283.6421
2021-12-03T17:39:57.212Z,284.0979
2021-12-03T17:39:58.297Z,286.1057
2021-12-03T17:39:59.393Z,284.3903
2021-12-03T17:40:00.472Z,299.5594
2021-12-03T17:40:01.564Z,309.1164
2021-12-03T17:40:52.852Z,303.0136
2021-12-03T17:40:53.034Z,303.3223
2021-12-03T17:40:53.035Z,287.2327
2021-12-03T17:40:53.035Z,285.6805
2021-12-03T17:40:53.035Z,285.582
2021-12-03T17:40:53.035Z,285.3062
2021-12-03T17:40:53.035Z,287.1593
2021-12-03T17:40:53.036Z,286.5317
2021-12-03T17:40:53.036Z,281.4809
2021-12-03T17:40:53.036Z,289.9823
2021-12-03T17:40:53.036Z,290.9825
2021-12-03T17:40:53.036Z,282.9819
2021-12-03T17:40:53.036Z,282.8354
2021-12-03T17:40:53.037Z,285.7964
2021-12-03T17:40:53.037Z,281.6681
2021-12-03T17:40:53.038Z,278.0277
2021-12-03T17:40:53.039Z,276.4908
2021-12-03T17:40:53.039Z,283.2827
2021-12-03T17:40:54.067Z,288.041
2021-12-03T17:40:55.156Z,286.2413
2021-12-03T17:40:56.239Z,279.7914
2021-12-03T17:40:57.325Z,274.6333
2021-12-03T17:40:58.416Z,276.8267
2021-12-03T17:40:59.501Z,281.6398
2021-12-03T17:41:00.592Z,293.2863
2021-12-03T17:41:01.682Z,290.8557
2021-12-03T17:41:02.764Z,291.4659
2021-12-03T17:41:03.854Z,290.2555
2021-12-03T17:41:05.100Z,275.6378
2021-12-03T17:41:06.029Z,278.9221
2021-12-03T17:41:07.116Z,277.5416
2021-12-03T17:41:08.212Z,287.8935
2021-12-03T17:41:09.294Z,285.2215
2021-12-03T17:41:10.380Z,288.5031
2021-12-03T17:41:11.475Z,282.2426
2021-12-03T17:41:12.555Z,288.6536
2021-12-03T17:41:13.645Z,282.2966
2021-12-03T17:41:14.732Z,289.7
2021-12-03T17:41:15.820Z,284.1194
2021-12-03T17:41:16.910Z,283.0441
2021-12-03T17:41:17.996Z,272.3348
2021-12-03T17:41:19.081Z,275.3162
2021-12-03T17:41:20.169Z,273.0641
2021-12-03T17:41:21.330Z,282.2788
2021-12-03T17:41:22.347Z,288.3044
2021-12-03T17:41:23.433Z,287.3494
2021-12-03T17:41:24.522Z,287.3367
2021-12-03T17:41:25.610Z,289.6328
2021-12-03T17:41:26.697Z,288.9298
2021-12-03T17:41:27.800Z,282.6366
2021-12-03T17:41:28.891Z,307.5852
2021-12-03T17:41:29.966Z,289.8966
2021-12-03T17:41:31.052Z,290.4076
2021-12-03T17:41:32.141Z,288.2603
2021-12-03T17:41:33.224Z,298.1824
2021-12-03T17:41:34.314Z,307.7168
2021-12-03T17:41:35.437Z,294.1263
2021-12-03T17:41:36.507Z,306.6213
2021-12-03T17:41:37.750Z,313.5255
2021-12-03T17:41:38.702Z,308.9824
2021-12-03T17:41:39.750Z,298.8342
2021-12-03T17:41:40.841Z,298.6763
2021-12-03T17:41:41.928Z,308.6436
2021-12-03T17:41:43.014Z,296.5834
2021-12-03T17:41:44.102Z,282.5929
2021-12-03T17:41:45.190Z,311.0834
2021-12-03T17:41:46.286Z,290.0529
2021-12-03T17:41:47.371Z,286.4715
2021-12-03T17:41:48.454Z,297.6932
2021-12-03T17:41:49.541Z,282.1906
2021-12-03T17:41:50.631Z,289.8123
2021-12-03T17:41:51.736Z,286.6204
2021-12-03T17:41:52.804Z,285.3854
2021-12-03T17:41:53.966Z,286.2723
2021-12-03T17:41:54.983Z,283.8484
2021-12-03T17:41:56.072Z,286.6174
2021-12-03T17:41:57.159Z,285.5555
2021-12-03T17:41:58.245Z,287.3876
2021-12-03T17:41:59.333Z,287.7865
2021-12-03T17:42:00.426Z,298.4194
2021-12-03T17:42:01.508Z,302.4773
2021-12-03T17:42:02.596Z,304.1029
2021-12-03T17:42:03.686Z,302.2877
2021-12-03T17:42:04.776Z,292.0564
2021-12-03T17:42:05.861Z,283.9146
2021-12-03T17:42:06.949Z,287.9071
2021-12-03T17:42:08.035Z,285.1111
2021-12-03T17:42:09.129Z,287.1208
2021-12-03T17:42:10.308Z,286.2045
2021-12-03T17:42:11.299Z,284.7455
2021-12-03T17:42:12.451Z,281.3517
2021-12-03T17:42:13.476Z,286.3506
2021-12-03T17:42:14.568Z,284.7711
2021-12-03T17:42:15.652Z,288.5038
2021-12-03T17:42:16.740Z,285.8416
2021-12-03T17:42:17.828Z,284.8374
2021-12-03T17:42:18.916Z,286.4124
2021-12-03T17:42:20.001Z,288.9106
2021-12-03T17:42:21.098Z,286.1836
2021-12-03T17:42:22.179Z,283.232
2021-12-03T17:42:23.265Z,284.4394
2021-12-03T17:42:24.357Z,280.4429
2021-12-03T17:42:25.440Z,288.1113
2021-12-03T17:42:26.600Z,286.1568
2021-12-03T17:42:27.616Z,284.6794
2021-12-03T17:42:28.704Z,294.0774
2021-12-03T17:42:29.793Z,276.6368
2021-12-03T17:42:30.879Z,274.2142
2021-12-03T17:42:31.969Z,273.1812
2021-12-03T17:42:33.058Z,279.4166
2021-12-03T17:42:34.143Z,272.8314
2021-12-03T17:42:35.231Z,279.8678
2021-12-03T17:42:36.322Z,277.3097
2021-12-03T17:42:37.412Z,276.9576
2021-12-03T17:42:38.495Z,273.8816
2021-12-03T17:42:39.583Z,273.562
2021-12-03T17:42:40.671Z,274.3274
2021-12-03T17:42:41.757Z,272.3272
2021-12-03T17:42:42.921Z,276.5345
2021-12-03T17:42:43.933Z,275.9036
2021-12-03T17:42:45.023Z,277.1402
2021-12-03T17:42:46.112Z,276.987
2021-12-03T17:42:47.200Z,274.32
2021-12-03T17:42:48.284Z,277.3068
2021-12-03T17:42:49.378Z,271.3195
2021-12-03T17:42:50.461Z,274.6305
2021-12-03T17:42:51.956Z,275.4852
2021-12-03T17:42:53.059Z,275.4899
2021-12-03T17:42:53.744Z,267.6274
2021-12-03T17:42:54.774Z,267.8359
2021-12-03T17:42:55.844Z,283.028
2021-12-03T17:42:56.927Z,271.4888
2021-12-03T17:42:58.017Z,277.4928
2021-12-03T17:42:59.262Z,278.8901
2021-12-03T17:43:00.195Z,289.9337
2021-12-03T17:43:01.281Z,290.2357
2021-12-03T17:43:02.367Z,290.0994
2021-12-03T17:43:03.455Z,296.2526
2021-12-03T17:43:04.546Z,276.3341
2021-12-03T17:43:05.643Z,274.5855
2021-12-03T17:43:06.719Z,277.9069
2021-12-03T17:43:07.807Z,276.6905
2021-12-03T17:43:08.896Z,273.3952
2021-12-03T17:43:09.985Z,276.9308
2021-12-03T17:43:11.072Z,273.584
2021-12-03T17:43:15.348Z,275.4103
2021-12-03T17:43:17.179Z,275.5411
2021-12-03T17:43:17.179Z,276.8086
2021-12-03T17:43:17.179Z,282.3499
2021-12-03T17:43:17.179Z,272.1983
2021-12-03T17:43:17.543Z,272.8794
2021-12-03T17:43:18.620Z,276.0374
2021-12-03T17:43:19.681Z,274.1122
2021-12-03T17:43:20.766Z,271.8932
2021-12-03T17:43:21.857Z,281.1363
2021-12-03T17:43:22.946Z,286.0713
2021-12-03T17:43:24.033Z,288.6683
2021-12-03T17:43:25.120Z,290.9545
2021-12-03T17:43:26.210Z,286.3969
2021-12-03T17:43:27.294Z,283.2694
2021-12-03T17:43:28.388Z,282.4571
2021-12-03T17:43:29.473Z,287.6447
2021-12-03T17:43:30.558Z,285.1997
2021-12-03T17:43:31.645Z,285.7441
2021-12-03T17:43:32.814Z,289.6049
2021-12-03T17:43:33.869Z,287.0579
2021-12-03T17:43:34.909Z,288.7141
2021-12-03T17:43:35.997Z,284.4413
2021-12-03T17:43:37.089Z,285.7409
2021-12-03T17:43:38.222Z,289.0349
2021-12-03T17:43:39.267Z,288.1791
2021-12-03T17:43:40.353Z,289.0393
2021-12-03T17:43:41.442Z,282.9151
2021-12-03T17:43:42.526Z,287.7063
2021-12-03T17:43:43.617Z,284.1468
2021-12-03T17:43:44.700Z,291.1686
2021-12-03T17:43:45.792Z,286.5866
2021-12-03T17:43:46.876Z,288.1991
2021-12-03T17:43:47.965Z,286.9469
2021-12-03T17:43:49.217Z,285.75
2021-12-03T17:43:50.145Z,287.5495
2021-12-03T17:43:51.227Z,284.5227
2021-12-03T17:43:52.318Z,287.065
2021-12-03T17:43:53.404Z,282.5189
2021-12-03T17:43:54.490Z,285.7657
2021-12-03T17:43:55.583Z,286.8178
2021-12-03T17:43:56.667Z,288.8972
2021-12-03T17:43:57.755Z,289.8462
2021-12-03T17:43:58.843Z,286.1237
2021-12-03T17:43:59.930Z,301.154
2021-12-03T17:44:01.018Z,303.074
2021-12-03T17:44:02.110Z,304.5395
2021-12-03T17:44:03.193Z,304.0637
2021-12-03T17:44:04.281Z,290.4995
2021-12-03T17:44:05.531Z,291.5851
2021-12-03T17:44:06.460Z,291.9228
2021-12-03T17:44:07.546Z,285.9249
2021-12-03T17:44:08.633Z,292.8017
2021-12-03T17:44:09.722Z,290.9287
2021-12-03T17:44:10.812Z,292.3396
2021-12-03T17:44:11.900Z,289.0953
2021-12-03T17:44:12.986Z,292.0677
2021-12-03T17:44:14.073Z,288.3987
2021-12-03T17:44:15.161Z,292.0965
2021-12-03T17:44:16.249Z,288.9921
2021-12-03T17:44:17.337Z,294.1024
2021-12-03T17:44:18.424Z,288.0384
2021-12-03T17:44:19.511Z,290.8275
2021-12-03T17:44:20.599Z,281.1402
2021-12-03T17:44:23.211Z,296.252
2021-12-03T17:44:23.211Z,290.7728
2021-12-03T17:44:23.849Z,280.8411
2021-12-03T17:44:24.917Z,301.8968
2021-12-03T17:44:26.003Z,291.143
2021-12-03T17:44:27.093Z,291.1803
2021-12-03T17:44:28.180Z,293.1263
2021-12-03T17:44:29.274Z,279.6122
2021-12-03T17:44:30.360Z,278.9895
2021-12-03T17:44:31.445Z,280.9358
2021-12-03T17:44:32.531Z,281.0898
2021-12-03T17:44:33.623Z,281.2153
2021-12-03T17:44:34.709Z,275.8782
2021-12-03T17:44:35.804Z,280.6715
2021-12-03T17:44:36.884Z,282.7939
2021-12-03T17:44:37.970Z,279.1921
2021-12-03T17:44:39.138Z,279.1063
2021-12-03T17:44:40.149Z,273.1492
2021-12-03T17:44:41.236Z,284.5239
2021-12-03T17:44:42.325Z,279.8023
2021-12-03T17:44:43.410Z,278.9359
2021-12-03T17:44:44.498Z,281.4204
2021-12-03T17:44:45.598Z,274.9877
2021-12-03T17:44:46.676Z,279.0451
2021-12-03T17:45:00.660Z,275.1212
2021-12-03T17:45:00.855Z,278.1234
2021-12-03T17:45:00.855Z,277.4629
2021-12-03T17:45:00.856Z,278.1443
2021-12-03T17:45:00.856Z,283.3833
2021-12-03T17:45:00.856Z,275.1618
2021-12-03T17:45:00.856Z,277.293
2021-12-03T17:45:00.856Z,277.3133
2021-12-03T17:45:00.857Z,282.3476
2021-12-03T17:45:00.857Z,276.5245
2021-12-03T17:45:00.857Z,281.2921
2021-12-03T17:45:00.857Z,300.2233
2021-12-03T17:45:00.857Z,297.5599
2021-12-03T17:45:01.864Z,305.5308
2021-12-03T17:45:02.955Z,303.8357
2021-12-03T17:45:04.041Z,298.2502
2021-12-03T17:45:05.130Z,284.019
2021-12-03T17:45:06.216Z,290.7726
2021-12-03T17:45:07.309Z,284.749
2021-12-03T17:45:08.392Z,291.5951
2021-12-03T17:45:09.481Z,287.714
2021-12-03T17:45:10.570Z,288.9947
2021-12-03T17:45:11.739Z,290.2607
2021-12-03T17:45:12.747Z,282.9137
2021-12-03T17:45:13.836Z,287.2805
2021-12-03T17:45:14.920Z,282.9024
2021-12-03T17:45:16.016Z,287.5285
2021-12-03T17:45:17.096Z,286.3492
2021-12-03T17:45:18.183Z,303.4852
2021-12-03T17:45:19.272Z,306.3124
2021-12-03T17:45:20.361Z,299.6653
2021-12-03T17:45:21.448Z,309.2252
2021-12-03T17:45:22.536Z,297.8919
2021-12-03T17:45:23.623Z,292.4908
2021-12-03T17:45:24.712Z,295.2126
2021-12-03T17:45:25.803Z,289.8492
2021-12-03T17:45:26.888Z,289.7807
2021-12-03T17:45:29.497Z,291.5427
2021-12-03T17:45:29.497Z,304.0587
2021-12-03T17:45:30.134Z,294.9963
2021-12-03T17:45:31.200Z,306.9931
2021-12-03T17:45:32.268Z,296.8815
2021-12-03T17:45:33.337Z,288.7606
2021-12-03T17:45:34.430Z,291.7189
2021-12-03T17:45:35.514Z,298.1387
2021-12-03T17:45:36.599Z,298.0153
2021-12-03T17:45:37.689Z,297.79
2021-12-03T17:45:38.773Z,297.4629
2021-12-03T17:45:39.868Z,311.454
2021-12-03T17:45:40.949Z,308.9234
2021-12-03T17:45:42.037Z,295.5968
2021-12-03T17:45:43.132Z,300.1894
2021-12-03T17:45:44.212Z,299.9747
2021-12-03T17:45:45.377Z,297.3762
2021-12-03T17:45:46.400Z,294.4059
2021-12-03T17:45:47.481Z,302.6692
2021-12-03T17:45:48.566Z,305.4534
2021-12-03T17:45:49.654Z,304.1504
2021-12-03T17:45:50.742Z,303.9629
2021-12-03T17:45:51.829Z,303.8943
2021-12-03T17:45:52.918Z,301.8828
2021-12-03T17:45:54.004Z,300.1565
2021-12-03T17:45:55.098Z,300.2737
2021-12-03T17:45:56.183Z,302.3231
2021-12-03T17:45:57.267Z,296.545
2021-12-03T17:45:58.356Z,293.9103
2021-12-03T17:45:59.445Z,290.192
2021-12-03T17:46:00.531Z,293.4302
2021-12-03T17:46:01.697Z,295.526
2021-12-03T17:46:02.707Z,302.2169
2021-12-03T17:46:03.814Z,301.1261
2021-12-03T17:46:04.885Z,313.2401
2021-12-03T17:46:05.977Z,302.6515
2021-12-03T17:46:07.094Z,298.8018
2021-12-03T17:46:08.146Z,290.3576
2021-12-03T17:46:09.243Z,294.8105
2021-12-03T17:46:10.322Z,294.1622
2021-12-03T17:46:11.411Z,294.9705
2021-12-03T17:46:12.497Z,289.0199
2021-12-03T17:46:13.585Z,297.4911
2021-12-03T17:46:14.673Z,288.3898
2021-12-03T17:46:15.762Z,295.5987
2021-12-03T17:46:16.849Z,289.4763
2021-12-03T17:46:18.015Z,294.6847
2021-12-03T17:46:19.025Z,288.4411
2021-12-03T17:46:20.114Z,299.5052
2021-12-03T17:46:21.204Z,290.1099
2021-12-03T17:46:22.288Z,291.3378
2021-12-03T17:46:23.378Z,292.5901
2021-12-03T17:46:24.466Z,293.0385
2021-12-03T17:46:25.552Z,304.2989
2021-12-03T17:46:26.639Z,308.748
2021-12-03T17:46:27.727Z,297.4026
2021-12-03T17:46:28.873Z,298.6927
2021-12-03T17:46:29.907Z,319.7791
2021-12-03T17:46:30.992Z,292.8142
2021-12-03T17:46:32.084Z,295.4554
2021-12-03T17:46:33.169Z,291.9688
2021-12-03T17:46:34.333Z,295.8206
2021-12-03T17:46:35.346Z,294.3065
2021-12-03T17:46:36.431Z,295.6741
2021-12-03T17:46:37.518Z,291.8908
2021-12-03T17:46:38.634Z,294.4697
2021-12-03T17:46:39.700Z,295.9499
2021-12-03T17:46:40.785Z,296.3266
2021-12-03T17:46:41.870Z,292.8952
2021-12-03T17:46:42.962Z,292.3974
2021-12-03T17:46:44.047Z,295.8031
2021-12-03T17:46:45.133Z,294.6312
2021-12-03T17:46:46.223Z,295.9031
2021-12-03T17:46:47.308Z,295.0854
2021-12-03T17:46:48.396Z,292.9079
2021-12-03T17:46:49.491Z,288.6848
2021-12-03T17:46:50.646Z,306.4791
